cols,value
BMI,0.0362207458475
Fat,0.0357765671693
Medical_History_23.1,0.0326368556122
Medical_Keyword_3,0.0285622284309
Ht_BMI,0.025311460904
Medical_History_4.2,0.0236635245215
BMI_H32,0.0234761292224
Medical_History_23.3,0.0219713341905
Medical_History_4.1,0.0219478865018
Medical_History_15,0.0189248875873
Wt,0.0188207327863
Product_Info_4,0.0173982187033
BMI_Age,0.0145880079744
Medical_History_count_1,0.0119099633444
Ins_Age,0.011170978579
Medical_Keyword_15,0.0107349648441
scale,0.0105317490917
key_num,0.00807528865558
Medical_History_39.3,0.00796446350347
Ht,0.00730665060011
Employment_Info_6,0.00717291753916
Medical_History_39.1,0.00713738209783
Employment_Info_1,0.00708450820425
Product_Info_2.6,0.00687613364913
Family_Hist_3,0.00661472584582
FH_all_2,0.00644029420138
Medical_History_1,0.00638234827742
Family_Hist_5,0.00637796616579
Medical_History_count_2,0.0059182486188
Medical_History_2.112,0.00591612655784
FH_24_5,0.00583177090276
FH_24_3,0.00583121216842
FH_24_4,0.00577464448625
Product_Info_2.14,0.0057420539743
FH_all_1,0.00567670949501
FH_24_2,0.00565427826034
Family_Hist_4,0.00562142514301
InsuredInfo_6.1,0.00560362261845
InsuredInfo_6.2,0.00557322261055
FH_24_1,0.00556033062232
Employment_Info_4,0.00546815912175
Medical_History_40.1,0.0053395464222
Family_Hist_2,0.00514627187395
InsuredInfo_3.6,0.00510690019094
Medical_History_40.3,0.004962021715
Insurance_History_5,0.00486315823679
InsuredInfo_3.8,0.00486159332145
product_info2_class,0.0048062816287
Medical_History_13.3,0.00478672979984
Employment_Info_2.9,0.0047522796256
InsuredInfo_3.3,0.0047510423614
Medical_History_30.2,0.0047080923716
Medical_History_30.3,0.00470132481601
Product_Info_2.16,0.00428947351525
Medical_History_2.162,0.00421763309853
Medical_History_13.1,0.00421310910027
Product_Info_2.17,0.0040321969346
Medical_History_41.1,0.00400595566506
Medical_History_41.3,0.00397854273465
Employment_Info_2.12,0.00396961008893
InsuredInfo_1.1,0.00396134353587
InsuredInfo_1.2,0.0039045311446
Product_Info_2.15,0.00376577855087
Medical_History_28.2,0.00373030446826
Insurance_History_count,0.00371690641887
Medical_History_9.2,0.00367903378631
Medical_History_28.1,0.00366379541531
Medical_History_9.1,0.00365894112654
Family_Hist_1.3,0.00360573109946
product_info2_type,0.00358029233971
Family_Hist_1.2,0.00355227301592
Medical_Keyword_37,0.0035351444867
Medical_History_2.491,0.00351184145783
Medical_History_24,0.00345194972429
Medical_History_29.3,0.0033256250639
Medical_History_29.1,0.00329656834516
Product_Info_6.3,0.0032871186255
Product_Info_6.1,0.00326313230562
Medical_History_18.2,0.00322744314925
Medical_History_18.1,0.00319504075428
Medical_History_5.2,0.00317202723097
InsuredInfo_3.11,0.00317043271135
Employment_Info_2.1,0.00313617411156
Medical_History_16.1,0.0030992519883
Employment_Info_3.3,0.00309098082194
Employment_Info_3.1,0.00306205336163
Medical_History_2.478,0.00305297341407
Medical_History_34.1,0.00300614394997
Medical_History_16.3,0.00300468893196
Insurance_History_2.3,0.00297161979645
Medical_History_34.3,0.00296175130103
InsuredInfo_3.2,0.0029371555592
Insurance_History_2.1,0.00292360642617
InsuredInfo_7.3,0.00291178346864
InsuredInfo_4.2,0.00287853159461
Medical_History_5.1,0.00285644757799
Insurance_History_8.3,0.00284567673516
InsuredInfo_4.3,0.00284424169516
InsuredInfo_5.3,0.00278613856054
Product_Info_2.7,0.00274845908762
InsuredInfo_5.1,0.00274017856747
Medical_Keyword_25,0.00270100820788
Medical_History_2.335,0.00268479728202
Medical_Keyword_23,0.00267056081988
Insurance_History_4.1,0.00264968430305
Employment_Info_2.14,0.00263368905791
Medical_History_2.161,0.00260588601437
Medical_History_2.16,0.00256624908723
Medical_History_33.1,0.0025195241563
Medical_History_20.1,0.00251030220194
Medical_Keyword_38,0.00248454658545
Medical_History_20.2,0.00246025732394
Insurance_History_1.2,0.00244457509492
Insurance_History_1.1,0.00244035784434
InsuredInfo_7.1,0.00243316293322
Insurance_History_4.2,0.00243095591348
Employment_Info_2.3,0.00239044292683
Medical_History_33.3,0.0023689796606
Insurance_History_8.1,0.00232497721948
Medical_Keyword_48,0.0023184659538
Medical_History_36.2,0.00229789182075
Medical_History_21.1,0.00228087894259
Medical_History_2.261,0.00227660787848
Medical_History_21.2,0.00226717200926
Medical_Keyword_40,0.00216945310362
Medical_History_3.2,0.00216227425194
Medical_History_25.2,0.00213215440406
Medical_History_2.3,0.00212868235689
Medical_History_3.3,0.00212332300441
Medical_History_8.3,0.00212221941852
Medical_Keyword_1,0.00210314954926
Medical_History_8.2,0.00206909311856
Medical_History_17.3,0.00206031385917
Medical_History_26.3,0.00204619489931
Insurance_History_7.1,0.00204317153027
Medical_Keyword_42,0.00202753780652
Medical_History_12.2,0.00202456330803
Medical_History_25.1,0.00202155720351
Medical_History_26.2,0.0020045628554
Medical_History_36.3,0.00198740436931
Medical_History_12.3,0.00198384197309
Medical_History_7.1,0.00196934035411
Medical_History_6.3,0.00195533645417
Medical_History_17.2,0.00195438411183
Insurance_History_9.2,0.00193531669889
Employment_Info_5.2,0.00191057975156
Medical_History_6.1,0.00190306315604
Employment_Info_5.3,0.00189178357103
Product_Info_3.26,0.00184977072202
Product_Info_2.1,0.00180010268209
Medical_Keyword_47,0.00176292823128
Medical_Keyword_22,0.00173456246872
Product_Info_2.0,0.00171820448376
Product_Info_3.10,0.0017165208776
Product_Info_2.18,0.00169966156558
Medical_History_11.2,0.00168170688807
Medical_Keyword_11,0.00164985170789
Medical_History_19.2,0.00164201828124
Medical_History_37.2,0.00162959024542
Medical_History_37.1,0.00162939809326
Medical_Keyword_24,0.00162637829743
Medical_History_27.3,0.00162563768901
Medical_Keyword_10,0.00161975714881
Medical_History_19.1,0.00161191709327
Medical_History_2.155,0.0016096539847
Insurance_History_8.2,0.00159427629849
Insurance_History_3.3,0.00159064956545
Medical_History_27.1,0.00158129338163
Medical_History_2.565,0.00158038049911
Medical_Keyword_33,0.00156317834645
Medical_History_2.387,0.00155107081745
Insurance_History_7.3,0.00154580791865
InsuredInfo_3.4,0.00153594021237
Insurance_History_9.3,0.00152817491055
Insurance_History_3.1,0.00152374336422
InsuredInfo_2.3,0.00151240285309
Insurance_History_4.3,0.00150465175517
Medical_Keyword_9,0.00148291661364
InsuredInfo_2.2,0.00144997136377
Medical_Keyword_41,0.00142462063045
Medical_History_2.366,0.0013650687397
Medical_Keyword_43,0.00133679672361
Insurance_History_7.2,0.0013349695257
Medical_Keyword_31,0.00129355995969
Medical_History_2.145,0.0012710787082
InsuredInfo_3.10,0.00127102583694
Medical_History_2.628,0.00124835846129
Medical_Keyword_30,0.001244661248
Medical_History_36.1,0.00124049531371
Medical_History_2.613,0.00121822010154
Medical_History_31.3,0.00121783736679
Product_Info_2.5,0.00119014513808
Medical_Keyword_4,0.00117543385786
Medical_Keyword_34,0.00117116738109
Medical_Keyword_28,0.00115999851861
Medical_History_31.1,0.00115800158897
Medical_Keyword_16,0.00115449244372
Medical_History_22.2,0.00115250164549
Medical_History_22.1,0.0011491746713
Medical_Keyword_7,0.00112537694895
Product_Info_3.29,0.00111697287802
Medical_Keyword_36,0.0011153475045
Medical_History_7.2,0.00110672351671
Product_Info_1.1,0.00107129743339
Medical_Keyword_32,0.00106322286536
Product_Info_7.3,0.00105356046231
Product_Info_2.2,0.00105107337112
Medical_Keyword_45,0.00105015110797
Product_Info_1.2,0.00104280820754
Medical_Keyword_21,0.0010368871139
Product_Info_7.1,0.00103565275082
Medical_History_2.156,0.00100789554597
InsuredInfo_3.1,0.000953546609801
Medical_Keyword_17,0.00094302281972
Medical_History_2.434,0.000940262242188
Medical_Keyword_29,0.000934651248807
Product_Info_2.9,0.000920067075488
Medical_Keyword_6,0.00088775936368
Medical_Keyword_26,0.000878216439427
Employment_Info_2.15,0.000876542577716
InsuredInfo_3.7,0.000873988228921
Product_Info_2.4,0.000865361742947
Medical_History_11.3,0.000846225579588
Product_Info_2.10,0.000845942009612
Medical_History_2.52,0.000835733602614
Insurance_History_9.1,0.000831036300903
Medical_Keyword_46,0.000796003543133
Medical_History_2.276,0.000794506270365
Medical_Keyword_27,0.000790747131592
Medical_History_2.132,0.000761881074316
Medical_History_14.3,0.000756027888107
Medical_Keyword_44,0.000753860738978
Medical_History_32,0.000752253126434
Medical_Keyword_12,0.000748902584997
Medical_Keyword_39,0.000745700804041
Medical_History_2.528,0.000732868439747
Medical_Keyword_18,0.00072948064837
Family_Hist_1.1,0.000722508411918
Medical_History_2.217,0.00071987787508
Medical_Keyword_19,0.0007162301235
Medical_History_2.14,0.000702778968181
Medical_Keyword_20,0.00068815029111
Employment_Info_2.11,0.000682706762532
Medical_History_2.57,0.000678185805204
Medical_Keyword_13,0.00066058070713
Medical_Keyword_14,0.000660192827036
Medical_History_2.181,0.000656345860823
Medical_History_2.453,0.000649684871278
Medical_Keyword_2,0.000615125638123
Medical_History_2.600,0.000609879882471
Medical_History_2.610,0.000598730727634
Medical_History_2.202,0.000577087497797
Medical_Keyword_5,0.000564107617887
Medical_Keyword_35,0.000559325990824
Medical_History_38.2,0.000559017725027
Medical_History_38.1,0.000556908805204
Medical_History_14.2,0.000549727911696
Medical_History_7.3,0.000548523643308
Medical_History_25.3,0.000547967987443
Medical_History_14.1,0.000545365294266
Product_Info_2.12,0.000544307849015
Product_Info_2.13,0.000541739773922
Product_Info_2.11,0.00053998724201
Medical_History_2.33,0.000529300777942
Medical_History_8.1,0.000526261425765
Medical_History_35.3,0.000522654924737
Medical_History_35.1,0.000512609101345
InsuredInfo_1.3,0.000507256186564
Medical_History_10.-1,0.000499580200892
Medical_History_2.290,0.000485540875932
Medical_History_2.418,0.000465142499206
Product_Info_5.2,0.000462958527998
Medical_History_2.192,0.000445468675214
Product_Info_5.3,0.000430320555795
InsuredInfo_3.5,0.000429198350445
Medical_History_2.373,0.000407860349675
Medical_History_2.260,0.000404211748856
Medical_Keyword_8,0.000400678680797
Medical_History_2.407,0.000397611730315
Medical_History_2.125,0.000390897061647
Employment_Info_2.32,0.000368340677414
Medical_History_2.48,0.000367981377063
Medical_History_2.140,0.000359404181449
Employment_Info_2.10,0.00035909368012
Medical_History_2.564,0.000343183985922
Medical_History_2.43,0.000341429265838
Medical_History_2.278,0.000340987153573
Product_Info_3.15,0.000330120984624
Medical_History_2.42,0.000319592658887
Medical_History_2.403,0.000310360885948
Medical_History_2.108,0.000309985006576
Medical_History_2.459,0.000307831595151
Product_Info_3.31,0.000298896313063
Product_Info_2.3,0.000295024181304
Product_Info_3.4,0.000290863511582
Medical_History_2.160,0.00028935522388
Medical_History_2.354,0.000284389635348
Medical_History_2.515,0.000283948923288
Medical_History_2.228,0.00028094884855
Medical_History_2.264,0.000276536583999
Medical_History_10.240,0.000273587800812
Medical_History_2.28,0.000272374293058
Medical_History_2.575,0.000256713158031
Medical_History_2.446,0.000255803153211
Medical_History_2.415,0.000253662458872
Medical_History_2.570,0.000239341233863
Product_Info_3.8,0.000235193286457
Medical_History_2.627,0.000228400233469
Medical_History_2.631,0.000224521573174
Employment_Info_2.36,0.000212649960429
Medical_History_2.274,0.000205915283014
Medical_History_2.320,0.000203677544532
Medical_History_2.122,0.000197859215061
Medical_History_2.633,0.000197557052468
Medical_History_2.265,0.000195846779327
Medical_History_2.20,0.000191926021312
Medical_History_2.413,0.000187780898682
Product_Info_3.11,0.000185192999097
Product_Info_3.30,0.00018446026163
Employment_Info_2.37,0.000179969928572
Medical_History_2.82,0.000169962434084
Medical_History_2.7,0.000168865223611
Employment_Info_2.27,0.000168244427341
Medical_History_2.307,0.00016538726863
Medical_History_2.350,0.000161887741249
Medical_History_2.123,0.000161726050958
Medical_History_2.255,0.000160860572389
Product_Info_3.37,0.0001584619114
Product_Info_2.8,0.000157745656815
Medical_History_2.561,0.00015634159735
Medical_History_2.357,0.000154881837268
Medical_History_2.579,0.000152765258937
Medical_History_2.35,0.000148416990554
Medical_History_2.379,0.000145056487442
Medical_History_2.527,0.000138892167079
Medical_History_2.298,0.000138311092857
Medical_History_2.412,0.000136510065385
Medical_History_2.258,0.000135482631809
Medical_History_2.306,0.000133917640232
Medical_History_2.245,0.000130724944867
Medical_History_2.431,0.000129275256117
Medical_History_2.235,0.000127880332129
Medical_History_2.213,0.000125143520821
Employment_Info_2.16,0.000125089983203
InsuredInfo_3.9,0.000124181331651
Medical_History_2.177,0.000122917597793
Medical_History_2.532,0.000121226431558
Medical_History_2.472,0.000120383299924
Medical_History_2.589,0.00011999258412
Medical_History_2.100,0.000118195879355
Medical_History_2.441,0.000115741398648
Medical_History_2.324,0.000114399769439
Medical_History_2.390,0.000114266141294
Medical_History_2.526,0.000113764118537
Medical_History_2.139,0.00011358302333
Medical_History_2.121,0.000110740155041
Medical_History_2.280,0.000110421736641
Medical_History_2.72,0.00011018957304
Product_Info_3.28,0.000109585259995
Medical_History_2.615,0.000106993156666
Product_Info_3.33,0.000106855019726
Medical_History_10.0,0.000105146261207
Medical_History_2.588,9.99245504096e-05
Medical_History_2.22,9.84040388382e-05
Medical_History_2.1,9.67161918384e-05
Medical_History_2.546,9.55437806325e-05
Medical_History_2.571,9.45104677574e-05
Medical_History_2.21,9.38755674443e-05
Medical_History_2.376,9.19129580311e-05
Medical_History_2.272,9.10851037702e-05
Medical_History_2.467,9.08174052387e-05
Medical_History_11.1,9.07834418637e-05
Medical_History_2.40,9.03673238346e-05
Medical_History_2.444,8.64342242368e-05
Medical_History_2.282,8.52379049824e-05
Medical_History_2.374,8.37044478031e-05
Product_Info_3.6,8.36131201545e-05
Medical_History_2.275,8.34786384267e-05
Medical_History_2.318,8.31135381808e-05
Medical_History_2.479,8.12481960302e-05
Medical_History_2.138,8.11062956871e-05
Medical_History_2.230,8.0003511097e-05
Medical_History_2.273,7.85442993028e-05
Medical_History_2.428,7.84151236856e-05
Medical_History_2.437,7.76168803168e-05
Medical_History_2.187,7.63702121238e-05
Medical_History_2.167,7.59449801463e-05
Medical_History_2.323,7.50458235114e-05
Employment_Info_2.13,7.41213240023e-05
Product_Info_3.32,7.3219088615e-05
Medical_History_2.481,7.21012019894e-05
Medical_History_2.411,7.0916659137e-05
Medical_History_10.142,7.08806664255e-05
Medical_History_2.90,7.06028538947e-05
Medical_History_2.560,7.02456333687e-05
Employment_Info_2.6,6.99743729665e-05
Medical_History_2.287,6.95209114782e-05
Medical_History_2.383,6.89728784341e-05
Medical_History_2.109,6.83525713289e-05
Medical_History_2.74,6.82841412529e-05
Medical_History_2.609,6.82547785585e-05
Medical_History_2.317,6.79228536061e-05
Medical_History_2.487,6.70242796888e-05
Medical_History_2.349,6.630078251e-05
Medical_History_2.151,6.55267153406e-05
Medical_History_2.362,6.54113632433e-05
Medical_History_2.489,6.50769469427e-05
Medical_History_2.501,6.38920647138e-05
Medical_History_2.529,6.29745065398e-05
Medical_History_2.214,6.20921463153e-05
Medical_History_2.514,6.1904731472e-05
Medical_History_2.19,6.17900650741e-05
Medical_History_2.519,6.13956965634e-05
Medical_History_2.404,6.10631421709e-05
Medical_History_2.180,6.06060035537e-05
Medical_History_2.483,5.99270629419e-05
Medical_History_2.634,5.89885440292e-05
Medical_History_2.554,5.84857845314e-05
Medical_History_2.484,5.80619402513e-05
Medical_History_2.552,5.56347947064e-05
Medical_History_2.624,5.35075141494e-05
Medical_History_2.173,5.19701827551e-05
Medical_History_2.523,5.08069803697e-05
Medical_History_2.223,5.06812802898e-05
Medical_History_2.509,5.05771834656e-05
Medical_History_2.482,5.00729854043e-05
Medical_History_2.394,4.99921876472e-05
Medical_History_2.511,4.81777778776e-05
Product_Info_3.36,4.79059511601e-05
Medical_History_2.469,4.68865036952e-05
Medical_History_2.451,4.6684446593e-05
Medical_History_2.351,4.63325780755e-05
Medical_History_2.567,4.55290495667e-05
Medical_History_2.617,4.53383093793e-05
Medical_History_2.302,4.38367793841e-05
Employment_Info_2.4,4.38155731405e-05
Medical_History_2.313,4.36721629357e-05
Medical_History_2.232,4.34360320216e-05
Medical_History_2.629,4.27678357781e-05
Medical_History_2.310,4.13078853566e-05
Medical_History_2.166,4.0925578651e-05
Medical_History_2.477,4.08656384747e-05
Medical_History_2.47,4.07756016386e-05
Product_Info_3.9,4.07511646433e-05
Medical_History_2.84,4.01021544949e-05
Medical_History_2.58,3.99688401203e-05
Medical_History_2.378,3.99627860979e-05
Medical_History_2.326,3.99024206197e-05
Medical_History_2.240,3.91394412585e-05
Medical_History_2.116,3.90221589896e-05
Medical_History_2.182,3.84666653567e-05
Medical_History_2.623,3.84020658656e-05
Medical_History_2.474,3.83355313773e-05
Medical_History_2.473,3.77157267676e-05
Medical_History_2.120,3.7648678782e-05
Medical_History_2.299,3.68126344094e-05
Medical_History_2.391,3.68032308058e-05
Medical_History_2.186,3.67924951434e-05
Medical_History_2.314,3.66069409151e-05
Medical_History_2.397,3.59758409735e-05
Employment_Info_2.34,3.55637595701e-05
Medical_History_2.507,3.5396242369e-05
Medical_History_2.124,3.50706925552e-05
Medical_History_2.76,3.42614797396e-05
Medical_History_2.115,3.4206248155e-05
Medical_History_2.111,3.40382108669e-05
Medical_History_2.81,3.40098261592e-05
Medical_History_2.524,3.35604660323e-05
Medical_History_2.504,3.33681635897e-05
Medical_History_10.238,3.32516258636e-05
Medical_History_2.632,3.31953090522e-05
Medical_History_2.522,3.30971385625e-05
Medical_History_2.152,3.28514998719e-05
Medical_History_2.382,3.25657614534e-05
Medical_History_2.480,3.19259180794e-05
Medical_History_2.316,3.1102165655e-05
Medical_History_2.637,3.06754094315e-05
Medical_History_2.330,3.05252364633e-05
Medical_History_2.188,2.94329161637e-05
Medical_History_2.135,2.82414340166e-05
Product_Info_3.21,2.80598165619e-05
Medical_History_2.462,2.75182375552e-05
Employment_Info_2.26,2.71806242045e-05
Medical_History_2.249,2.70101699109e-05
Medical_History_2.315,2.68746588987e-05
Medical_History_2.34,2.65721889152e-05
Medical_History_2.133,2.54981658324e-05
Medical_History_2.497,2.49343477561e-05
Medical_History_2.591,2.44709913775e-05
Medical_History_2.518,2.43293150227e-05
Medical_History_2.251,2.40061441563e-05
Medical_History_2.305,2.38738757967e-05
Medical_History_2.164,2.37877685382e-05
Medical_History_2.41,2.36904261618e-05
Medical_History_2.25,2.24015621928e-05
Medical_History_2.238,2.23180862106e-05
Medical_History_2.369,2.22139954702e-05
Medical_History_2.175,2.20738209836e-05
Medical_History_2.510,2.16255119629e-05
Medical_History_2.219,2.16028242716e-05
Medical_History_2.159,2.14237815651e-05
Medical_History_2.607,2.09591127773e-05
Medical_History_10.2,2.09184464323e-05
Medical_History_2.39,2.08831581243e-05
Medical_History_2.301,2.05872187177e-05
Medical_History_2.534,2.02407096328e-05
Medical_History_18.3,1.96020227622e-05
Medical_History_10.4,1.91682305936e-05
Medical_History_2.12,1.91451669392e-05
Employment_Info_2.18,1.91129820985e-05
Medical_History_2.165,1.88047682513e-05
Medical_History_2.421,1.86816140184e-05
Medical_History_2.368,1.84157314237e-05
Employment_Info_2.25,1.83928145872e-05
Medical_History_2.253,1.82463244976e-05
Medical_History_2.98,1.80371836826e-05
Medical_History_2.91,1.79904526251e-05
Employment_Info_2.30,1.77438971751e-05
Medical_History_10.8,1.76054337029e-05
Medical_History_2.620,1.74007954799e-05
Medical_History_2.329,1.72590925789e-05
Medical_History_2.234,1.72358991829e-05
Medical_History_2.13,1.71656679802e-05
Medical_History_10.102,1.68376398947e-05
Medical_History_2.630,1.67537428108e-05
Medical_History_2.99,1.66367669461e-05
Medical_History_2.502,1.62791858728e-05
Medical_History_2.399,1.60441609761e-05
Medical_History_10.20,1.57034944401e-05
Medical_History_2.543,1.53217229656e-05
Medical_History_2.8,1.50400800372e-05
Medical_History_2.548,1.4885164841e-05
Medical_History_2.352,1.47827219443e-05
Product_Info_3.2,1.47801069639e-05
Medical_History_2.56,1.47669642269e-05
Medical_History_2.268,1.46908901378e-05
Medical_History_2.44,1.44306570391e-05
Employment_Info_2.7,1.41497955038e-05
Medical_History_2.70,1.39277814673e-05
Medical_History_2.370,1.37232000921e-05
Medical_History_2.36,1.3695985216e-05
Medical_History_2.538,1.36327782162e-05
Medical_History_2.239,1.35622717076e-05
Employment_Info_2.20,1.35057318897e-05
Medical_History_2.270,1.34547302088e-05
Medical_History_2.171,1.32813546554e-05
Medical_History_2.414,1.31170917408e-05
Medical_History_2.88,1.30612473551e-05
Medical_History_10.113,1.29477132011e-05
Medical_History_2.443,1.28199369216e-05
Medical_History_2.540,1.25788474452e-05
Medical_History_10.12,1.18572838674e-05
Insurance_History_3.2,1.17431850645e-05
Medical_History_2.416,1.16824542982e-05
Medical_History_2.283,1.14593467638e-05
Medical_History_2.386,1.05611142322e-05
Medical_History_2.205,1.05378210404e-05
Medical_History_10.183,1.03758999585e-05
Employment_Info_2.2,1.03015029967e-05
Medical_History_10.1,1.02235948038e-05
Medical_History_2.553,9.96342170666e-06
Medical_History_2.154,9.6995528458e-06
Medical_History_10.185,9.51911133014e-06
Medical_History_2.364,9.51124817062e-06
Medical_History_2.461,9.433086118e-06
Medical_History_2.2,9.42350258702e-06
Medical_History_2.640,9.18273522839e-06
Medical_History_2.149,8.94812701381e-06
Medical_History_2.449,8.94039149287e-06
Medical_History_2.358,8.8463553974e-06
Employment_Info_2.22,8.70248328309e-06
Medical_History_10.120,8.56788037595e-06
Medical_History_2.338,8.42046118787e-06
Medical_History_2.626,8.31201593322e-06
Medical_History_2.113,8.15240883493e-06
Medical_History_2.144,8.09253241574e-06
Medical_History_10.229,7.87880567277e-06
Medical_History_2.79,7.45349509764e-06
Medical_History_10.48,7.35086682082e-06
Medical_History_2.281,7.33919959588e-06
Medical_History_2.208,7.2426297987e-06
Medical_History_2.355,7.0409670063e-06
Medical_History_2.18,6.95936748142e-06
Medical_History_2.303,6.82597018936e-06
Medical_History_2.400,6.82350709317e-06
Medical_History_2.360,6.7540387889e-06
Medical_History_2.470,6.74414258889e-06
Medical_History_2.147,6.70904066922e-06
Medical_History_10.181,6.65361784389e-06
Medical_History_2.257,6.45697331925e-06
Medical_History_2.288,6.28136846506e-06
Medical_History_10.5,6.21920075594e-06
Medical_History_2.458,6.19124088552e-06
Medical_History_2.242,6.18952637371e-06
Medical_History_2.568,6.0027022921e-06
Medical_History_2.67,5.966186885e-06
Medical_History_2.499,5.73781689241e-06
Medical_History_10.98,5.67587296003e-06
Medical_History_10.54,5.6649133352e-06
Medical_History_2.602,5.6553478573e-06
Medical_History_2.96,5.64028870229e-06
Medical_History_10.175,5.64015391074e-06
Medical_History_2.395,5.3689374776e-06
Medical_History_2.490,5.17559527599e-06
Medical_History_2.203,5.16802162843e-06
Medical_History_2.466,5.07728139097e-06
Employment_Info_2.21,4.93832693864e-06
Medical_History_2.9,4.80252448602e-06
Medical_History_2.353,4.66476704673e-06
Medical_History_2.468,4.56190923996e-06
Medical_History_2.146,4.55516073227e-06
Medical_History_2.61,4.54582260072e-06
Medical_History_2.457,4.45315832637e-06
Medical_History_2.183,4.44228836137e-06
Medical_History_10.16,4.31783272481e-06
Medical_History_2.27,4.29394531755e-06
Product_Info_3.34,4.20589513739e-06
Medical_History_10.27,4.1674881983e-06
Medical_History_2.259,4.10824134978e-06
Medical_History_2.606,3.98984008254e-06
Medical_History_2.224,3.93239893041e-06
Medical_History_2.348,3.92352133727e-06
Medical_History_2.550,3.91703057364e-06
Medical_History_2.89,3.80758622205e-06
Medical_History_27.2,3.69143348678e-06
Medical_History_19.3,3.5521946747e-06
Medical_History_2.210,3.50678103212e-06
Medical_History_10.19,3.49577365738e-06
Medical_History_2.185,3.41063955402e-06
Medical_History_34.2,3.40009103399e-06
Medical_History_10.26,3.34201570546e-06
Medical_History_2.129,3.29279390568e-06
Medical_History_2.53,3.20952477432e-06
Medical_History_2.590,3.1984914686e-06
Medical_History_2.225,3.13854270177e-06
Medical_History_2.622,3.11384124893e-06
Medical_History_2.87,3.10287123675e-06
Medical_History_2.436,3.03256529787e-06
Medical_History_2.621,3.0308661081e-06
Medical_History_2.69,3.0290364892e-06
Medical_History_10.196,3.01168407836e-06
Medical_History_2.327,2.95942779062e-06
Employment_Info_2.19,2.9478085851e-06
Medical_History_2.486,2.93086905011e-06
Medical_History_2.32,2.90632411358e-06
Medical_History_2.227,2.88959133424e-06
Medical_History_40.2,2.88238788565e-06
Medical_History_2.599,2.81242001893e-06
Medical_History_2.545,2.7846381533e-06
Medical_History_2.218,2.69181280788e-06
Medical_History_2.293,2.65262985817e-06
Medical_History_2.73,2.59872937543e-06
Medical_History_2.642,2.56548783933e-06
Medical_History_2.59,2.54441722287e-06
Medical_History_10.10,2.52901314214e-06
Medical_History_2.566,2.50109527035e-06
Medical_History_2.563,2.48587013708e-06
Medical_History_2.212,2.44574231754e-06
Medical_History_2.267,2.43780635153e-06
Medical_History_2.332,2.41714832973e-06
Medical_History_2.153,2.40171938016e-06
Medical_History_2.608,2.40112311184e-06
Medical_History_21.3,2.3476883377e-06
Medical_History_10.66,2.30968826663e-06
Medical_History_29.2,2.29416798417e-06
Medical_History_2.169,2.29325572401e-06
Medical_History_10.56,2.25126273832e-06
Medical_History_2.71,2.23311608162e-06
Medical_History_3.1,2.21982725577e-06
Medical_History_2.5,2.21062207051e-06
Medical_History_2.226,2.1942540303e-06
Medical_History_2.537,2.16430460421e-06
Medical_History_2.198,2.15938636206e-06
Medical_History_2.199,2.13166632183e-06
Medical_History_2.643,2.11141676311e-06
Medical_History_10.51,2.07842561789e-06
Medical_History_2.503,2.0232217868e-06
Medical_History_2.128,1.97125043508e-06
Medical_History_2.618,1.96833624322e-06
Medical_History_2.77,1.94269639016e-06
Medical_History_10.24,1.93226821289e-06
Medical_History_10.11,1.93031447835e-06
Medical_History_2.544,1.90224101913e-06
Medical_History_10.156,1.88522474884e-06
Medical_History_2.222,1.85240345641e-06
Medical_History_2.605,1.82259206413e-06
Medical_History_2.38,1.81053709512e-06
Medical_History_31.2,1.80439150256e-06
Medical_History_2.572,1.79466816436e-06
Medical_History_2.530,1.78710161346e-06
Medical_History_2.110,1.76837950867e-06
Medical_History_2.409,1.76493012739e-06
Product_Info_3.20,1.75520649804e-06
Medical_History_9.3,1.74652224087e-06
Employment_Info_2.33,1.74404107065e-06
Medical_History_10.71,1.70196406503e-06
Medical_History_2.190,1.70142496066e-06
Medical_History_2.10,1.67560067213e-06
Medical_History_2.417,1.66423046551e-06
Medical_History_2.447,1.65561895961e-06
Medical_History_2.209,1.6504162071e-06
Medical_History_2.581,1.63458614636e-06
Employment_Info_2.23,1.62111832454e-06
Medical_History_2.266,1.61094046469e-06
Employment_Info_2.38,1.59978354525e-06
Medical_History_10.171,1.59436311111e-06
Employment_Info_2.17,1.58656235836e-06
Medical_History_2.184,1.58185443117e-06
Medical_History_2.388,1.56052520416e-06
Medical_History_41.2,1.55364858961e-06
Medical_History_10.58,1.54843575141e-06
Medical_History_10.52,1.54015857561e-06
Medical_History_28.3,1.48669920355e-06
Medical_History_2.321,1.48517347627e-06
Medical_History_2.174,1.46786503258e-06
Medical_History_2.193,1.42864458559e-06
Medical_History_10.146,1.40763111647e-06
Medical_History_2.614,1.38711551215e-06
Product_Info_3.23,1.35618596748e-06
Medical_History_2.243,1.34466306904e-06
Medical_History_2.536,1.32301612476e-06
Medical_History_2.408,1.30710024093e-06
Medical_History_2.611,1.29715726022e-06
Medical_History_2.506,1.29184831905e-06
Medical_History_13.2,1.28861178699e-06
Medical_History_2.427,1.28538841361e-06
Medical_History_2.62,1.25936677368e-06
Medical_History_2.262,1.24526526087e-06
Medical_History_10.84,1.23808051036e-06
Medical_History_2.196,1.20726126181e-06
Medical_History_2.333,1.2055328757e-06
Medical_History_2.549,1.18439531207e-06
Medical_History_10.15,1.18329459733e-06
Medical_History_2.577,1.15527713252e-06
Medical_History_2.493,1.14803843035e-06
Medical_History_2.440,1.14761947965e-06
Medical_History_10.230,1.14362776082e-06
Medical_History_30.1,1.11662022361e-06
Medical_History_2.531,1.10226342904e-06
Medical_History_2.435,1.09287388008e-06
Medical_History_2.37,1.05876827918e-06
Medical_History_2.452,1.04784540348e-06
Medical_History_2.392,1.03402929177e-06
Medical_History_10.75,1.02178953429e-06
Medical_History_2.256,1.01587029445e-06
Medical_History_2.596,1.01462431114e-06
Product_Info_3.27,1.00549775592e-06
Medical_History_2.426,1.00463287669e-06
Medical_History_2.361,1.00166138914e-06
Medical_History_2.104,9.94967898337e-07
Medical_History_2.55,9.90530762273e-07
Medical_History_2.68,9.83639561017e-07
Medical_History_10.62,9.69615844651e-07
Medical_History_2.347,9.69454026963e-07
Medical_History_2.381,9.59956380284e-07
Medical_History_10.28,9.59620812056e-07
Medical_History_2.170,9.53746303411e-07
Medical_History_2.216,9.460139794e-07
Medical_History_2.384,9.3538457839e-07
Medical_History_2.286,9.34518909741e-07
Medical_History_23.2,9.33215198394e-07
Medical_History_2.456,9.21798725188e-07
Medical_History_2.635,9.18415255583e-07
Medical_History_2.296,9.0454118476e-07
Medical_History_10.170,8.99765308804e-07
Medical_History_2.496,8.98629816932e-07
Medical_History_2.410,8.83640341262e-07
Medical_History_2.172,8.62712114799e-07
Medical_History_2.336,8.58800763167e-07
Medical_History_35.2,8.47069717489e-07
Medical_History_2.595,8.20794817633e-07
Medical_History_2.520,8.19417980624e-07
Medical_History_2.638,8.16418926351e-07
Medical_History_10.231,8.02710723006e-07
Medical_History_2.148,8.0258341475e-07
Medical_History_2.331,7.88968027088e-07
Medical_History_2.295,7.83240403028e-07
Medical_History_10.91,7.8108052733e-07
Product_Info_3.12,7.76982305624e-07
Medical_History_2.200,7.7499557303e-07
Medical_History_10.111,7.74660537188e-07
Medical_History_2.86,7.67867842229e-07
Medical_History_10.115,7.67669133301e-07
Medical_History_26.1,7.57800174405e-07
Medical_History_2.405,7.41686894475e-07
Medical_History_10.3,7.38277844522e-07
Medical_History_2.311,7.28014911896e-07
Medical_History_2.593,7.13588123157e-07
Medical_History_2.648,7.09356613458e-07
Medical_History_2.163,7.07253801073e-07
Medical_History_5.3,7.00537603021e-07
Medical_History_10.42,6.97202694109e-07
Medical_History_39.2,6.78902486304e-07
Medical_History_10.112,6.76291992793e-07
Medical_History_2.344,6.74131977424e-07
Medical_History_2.289,6.56254108275e-07
Medical_History_37.3,6.50914190276e-07
Employment_Info_2.29,6.4595811524e-07
Medical_History_2.248,6.26769187012e-07
Medical_History_10.6,6.26141993117e-07
Medical_History_2.30,6.25158211084e-07
Medical_History_2.372,6.13010367199e-07
Medical_History_10.13,6.09434172893e-07
Medical_History_2.158,6.08738477452e-07
Medical_History_10.14,6.04241060377e-07
Medical_History_2.215,5.98293343895e-07
Medical_History_2.141,5.94476263378e-07
Medical_History_2.189,5.83116313943e-07
Medical_History_2.131,5.79588686117e-07
Medical_History_2.573,5.74290335429e-07
Product_Info_3.5,5.71559308225e-07
Medical_History_2.95,5.57824735825e-07
Medical_History_2.576,5.56785822779e-07
Medical_History_2.559,5.54748299594e-07
Medical_History_2.464,5.53129139688e-07
Medical_History_10.40,5.51683411971e-07
Medical_History_2.78,5.4715010125e-07
Medical_History_10.167,5.23279559768e-07
Medical_History_2.229,5.21458597053e-07
Medical_History_10.7,5.13855403408e-07
Medical_History_2.97,5.10318785189e-07
Medical_History_2.420,5.05622198526e-07
Product_Info_3.19,5.0312414551e-07
Medical_History_20.3,4.9414654793e-07
Medical_History_10.9,4.93203647124e-07
Medical_History_10.22,4.82156380561e-07
Medical_History_2.641,4.80012557443e-07
Medical_History_2.60,4.76796254571e-07
Medical_History_2.137,4.71334997295e-07
Medical_History_2.601,4.61505885612e-07
Medical_History_2.592,4.60098121247e-07
Medical_History_10.50,4.52796893658e-07
Medical_History_2.45,4.47353625984e-07
Medical_History_2.513,4.44333205651e-07
Medical_History_10.191,4.39768406511e-07
Medical_History_2.398,4.35864505216e-07
Medical_History_2.277,4.20998512157e-07
Medical_History_2.619,4.20200393444e-07
Medical_History_10.218,4.18439461719e-07
Product_Info_3.3,4.14496253968e-07
Medical_History_2.157,4.13668679691e-07
Medical_History_10.201,4.09365111288e-07
Product_Info_3.18,4.07384947385e-07
Medical_History_2.647,4.00699079635e-07
Insurance_History_2.2,3.96641309124e-07
Medical_History_10.235,3.91280436413e-07
Medical_History_2.380,3.88815855935e-07
Medical_History_2.51,3.88096072652e-07
Medical_History_2.179,3.83413963318e-07
Medical_History_2.26,3.69176419183e-07
Medical_History_2.195,3.62316709191e-07
Product_Info_3.17,3.61608307637e-07
Medical_History_2.557,3.57099660134e-07
Medical_History_2.85,3.50906309982e-07
Medical_History_2.204,3.50358433094e-07
Employment_Info_2.35,3.37252144745e-07
Medical_History_2.582,3.35936899528e-07
Medical_History_2.220,3.30651567509e-07
Medical_History_10.64,3.2963252815e-07
Medical_History_2.297,3.23992051724e-07
Medical_History_2.63,3.15988218287e-07
Medical_History_10.216,3.12489577172e-07
Medical_History_2.587,3.06835884216e-07
Product_Info_7.2,3.03339457901e-07
Medical_History_10.86,3.0178524868e-07
Medical_History_2.492,3.01728909566e-07
Medical_History_2.94,3.00297795479e-07
Medical_History_2.558,2.99841554914e-07
Medical_History_2.294,2.90797942275e-07
Medical_History_10.69,2.89441003423e-07
Medical_History_2.438,2.85779654113e-07
Medical_History_10.180,2.80173395082e-07
Medical_History_10.59,2.79657200839e-07
Medical_History_2.583,2.76699783964e-07
Medical_History_2.345,2.72136673394e-07
Medical_History_2.134,2.70615835731e-07
Medical_History_10.49,2.64271233559e-07
Medical_History_12.1,2.63436628677e-07
Medical_History_2.542,2.53786823068e-07
Medical_History_2.377,2.51378055977e-07
Employment_Info_2.28,2.45537213023e-07
Medical_History_2.64,2.4266035431e-07
Medical_History_10.119,2.39510567256e-07
Medical_History_2.15,2.37336552531e-07
Medical_History_2.562,2.33643698045e-07
Medical_History_10.83,2.23152528746e-07
Medical_History_2.419,2.21625037883e-07
Medical_History_2.525,2.1909773482e-07
Medical_History_10.137,2.12540447302e-07
Medical_History_2.396,2.10874121938e-07
Product_Info_3.13,2.04619233884e-07
Medical_History_2.645,1.97159547871e-07
Medical_History_2.279,1.88656483034e-07
Product_Info_3.16,1.87353697439e-07
Medical_History_10.43,1.67995190527e-07
Medical_History_2.17,1.61797931817e-07
Medical_History_2.465,1.57176054994e-07
Medical_History_2.439,1.50194010636e-07
Medical_History_2.578,1.48762864286e-07
Medical_History_2.191,1.3497048687e-07
Medical_History_10.127,1.24805533275e-07
Medical_History_10.63,1.23172816661e-07
Medical_History_2.516,1.22930613118e-07
Medical_History_10.236,1.17162740066e-07
Medical_History_2.107,1.08299256995e-07
Medical_History_2.475,1.0692022418e-07
Medical_History_16.2,1.05751581447e-07
Medical_History_10.32,9.64952587192e-08
Medical_History_2.422,9.07907342057e-08
Medical_History_2.636,8.51228998887e-08
Medical_History_10.160,8.50951273276e-08
Medical_History_2.644,8.35576668277e-08
Medical_History_2.29,7.62079077634e-08
Product_Info_3.22,7.36806046998e-08
Medical_History_2.252,7.28983442277e-08
Medical_History_2.517,7.00752213084e-08
Medical_History_2.580,7.00034701306e-08
Medical_History_2.247,6.13847978181e-08
Medical_History_2.586,6.10811194634e-08
Medical_History_2.236,6.04480052725e-08
Medical_History_2.319,5.59894832547e-08
Medical_History_2.250,5.55682660774e-08
Medical_History_2.448,5.48230356869e-08
Product_Info_3.24,5.34313649485e-08
Medical_History_2.371,5.19069167674e-08
Medical_History_2.66,5.1117849295e-08
Medical_History_10.225,4.74355344241e-08
Medical_History_2.337,4.55268020404e-08
Medical_History_2.142,4.1820848314e-08
Medical_History_2.488,4.16269849461e-08
Medical_History_2.201,3.11052684748e-08
Medical_History_2.271,3.11052684748e-08
Medical_History_2.603,3.11052684748e-08
Medical_History_2.127,3.11052684748e-08
Medical_History_2.24,2.6522795887e-08
Medical_History_10.219,2.36804867271e-08
Product_Info_3.38,2.33289513561e-08
Product_Info_3.1,1.62381779834e-08
Medical_History_10.80,1.51638183815e-08
Medical_History_2.498,1.45389357559e-08
Medical_History_2.430,1.36085549577e-08
Employment_Info_2.31,9.33158054245e-09
Medical_History_2.233,8.74835675855e-09
Medical_History_2.23,8.74835675855e-09
Medical_History_6.2,7.77631711871e-09
Medical_History_2.231,5.83223783903e-09
Medical_History_10.77,5.83223783903e-09
Medical_History_10.61,0.0
Product_Info_3.25,0.0
Product_Info_3.7,0.0
Medical_History_10.79,0.0
Medical_History_10.126,0.0
Medical_History_10.131,0.0
Medical_History_10.125,0.0
Medical_History_10.122,0.0
Medical_History_10.121,0.0
Medical_History_10.55,0.0
Medical_History_10.35,0.0
Medical_History_10.87,0.0
Employment_Info_2.24,0.0
Product_Info_3.14,0.0
Product_Info_3.35,0.0
Medical_History_10.39,0.0
Medical_History_10.57,0.0
Medical_History_10.92,0.0
Medical_History_10.97,0.0
Medical_History_10.21,0.0
Medical_History_10.117,0.0
Medical_History_10.116,0.0
Medical_History_10.44,0.0
Medical_History_10.104,0.0
Medical_History_10.85,0.0
Medical_History_10.47,0.0
Medical_History_10.76,0.0
Medical_History_2.246,0.0
Medical_History_10.133,0.0
Medical_History_2.102,0.0
Medical_History_2.393,0.0
Medical_History_2.401,0.0
Medical_History_2.402,0.0
Medical_History_2.150,0.0
Medical_History_2.406,0.0
Medical_History_2.143,0.0
Medical_History_2.423,0.0
Medical_History_2.424,0.0
Medical_History_2.425,0.0
Medical_History_2.429,0.0
Medical_History_2.432,0.0
Medical_History_2.433,0.0
Medical_History_2.136,0.0
Medical_History_2.442,0.0
Medical_History_2.445,0.0
Medical_History_2.450,0.0
Medical_History_2.126,0.0
Medical_History_2.454,0.0
Medical_History_2.455,0.0
Medical_History_2.119,0.0
Medical_History_2.117,0.0
Medical_History_2.463,0.0
Medical_History_2.114,0.0
Medical_History_2.471,0.0
Medical_History_2.106,0.0
Medical_History_2.476,0.0
Medical_History_2.105,0.0
Medical_History_2.389,0.0
Medical_History_2.385,0.0
Medical_History_2.375,0.0
Medical_History_2.197,0.0
Medical_History_2.244,0.0
Medical_History_2.241,0.0
Medical_History_2.237,0.0
Medical_History_2.269,0.0
Medical_History_2.285,0.0
Medical_History_2.221,0.0
Medical_History_2.291,0.0
Medical_History_2.211,0.0
Medical_History_2.304,0.0
Medical_History_2.207,0.0
Medical_History_2.312,0.0
Medical_History_2.322,0.0
Medical_History_2.328,0.0
Medical_History_2.176,0.0
Medical_History_2.194,0.0
Medical_History_2.334,0.0
Medical_History_2.339,0.0
Medical_History_2.340,0.0
Medical_History_2.341,0.0
Medical_History_2.342,0.0
Medical_History_2.343,0.0
Medical_History_2.346,0.0
Medical_History_2.356,0.0
Medical_History_2.363,0.0
Medical_History_2.367,0.0
Medical_History_2.178,0.0
Medical_History_2.103,0.0
Medical_History_2.101,0.0
Medical_History_10.136,0.0
Medical_History_2.485,0.0
Medical_History_2.625,0.0
Medical_History_2.639,0.0
Medical_History_2.646,0.0
Medical_History_2.11,0.0
Employment_Info_2.8,0.0
Medical_History_2.6,0.0
Medical_History_2.4,0.0
Medical_History_17.1,0.0
Medical_History_10.237,0.0
Medical_History_10.234,0.0
Medical_History_10.223,0.0
Medical_History_10.221,0.0
Medical_History_33.2,0.0
Medical_History_10.220,0.0
Medical_History_10.207,0.0
Medical_History_10.199,0.0
Medical_History_10.190,0.0
Medical_History_38.3,0.0
Medical_History_10.182,0.0
Employment_Info_2.5,0.0
Medical_History_10.176,0.0
Medical_History_10.162,0.0
Medical_History_10.158,0.0
Medical_History_10.150,0.0
Medical_History_10.148,0.0
Medical_History_10.147,0.0
Medical_History_10.139,0.0
Medical_History_2.31,0.0
Medical_History_2.616,0.0
Medical_History_2.612,0.0
Medical_History_2.541,0.0
Medical_History_2.494,0.0
Medical_History_2.495,0.0
Medical_History_2.93,0.0
Medical_History_2.92,0.0
Medical_History_2.505,0.0
Medical_History_2.508,0.0
Medical_History_2.512,0.0
Medical_History_2.83,0.0
Medical_History_2.521,0.0
Medical_History_2.75,0.0
Medical_History_2.533,0.0
Medical_History_2.539,0.0
Medical_History_2.547,0.0
Medical_History_2.46,0.0
Medical_History_2.551,0.0
Medical_History_2.65,0.0
Medical_History_2.555,0.0
Medical_History_2.569,0.0
Medical_History_2.574,0.0
Medical_History_2.54,0.0
Medical_History_2.584,0.0
Medical_History_2.50,0.0
Medical_History_2.49,0.0
Medical_History_2.594,0.0
Medical_History_2.597,0.0
Medical_History_2.598,0.0
Medical_History_2.292,0.0
